created_at,id,text,author_id
2017-12-31T23:59:58.000Z,947618364347863042,"RT @BryanDawsonUSA: 2017 was filled with disbelief that America had sunk to a new low in supporting a Trump.

Then came:

#TheResistance
Thâ€¦",18184205
2017-12-31T23:59:45.000Z,947618307452026881,RT @x__ok: ãƒã‚¹ãƒ¡ãƒ‡ã‚£ã‚¢ã ã‘ã§ãªãæŠ€è¡“çš„ã«ã¯ã€ã©ã®å€‹äººã§ã‚‚ä¸æ­£ã‚’ç™ºä¿¡ã§ãã‚‹æ§˜ã«ãªã£ã¦ã„ã‚‹ç¾ä»£ã€‚æ—¥æœ¬ã“ããŒè‡ªåˆ†ã®ä¸­ã«æŠ‘ãˆã¦ã„ãªã„ã§ã€€#MeTooã€€ã‚’æ²¢å±±ç™ºä¿¡ã—ãªã‘ã‚Œã°ãªã‚‰ãªã„å›½ã€‚ãã®æ—¥æœ¬ã®æœ€ã‚‚å¤§ããªå•é¡Œã®ã€€#MeTooã€€ãŒä¼Šè—¤è©©ç¹”ã•ã‚“ã®å•é¡Œã€‚ã“ã®å›½ã®ä¸€ç•ªå¤§ããªæ¨©åŠ›ã¨ä¸€å¥³â€¦,2662194661
2017-12-31T23:59:42.000Z,947618298375553024,".@LizWhitmere  .@KateDrummond_ @kelmccormack @Mel13Oneil @lesliehope @aprilmullen88 @Brownnmiss @nkrilova @arwenhumphreys @shantellebisson #metoo Started something, or trying to:  https://t.co/ZVKDuEvP6F",61099176
2017-12-31T23:59:33.000Z,947618256977842177,"RT @BryanDawsonUSA: 2017 was filled with disbelief that America had sunk to a new low in supporting a Trump.

Then came:

#TheResistance
Thâ€¦",2324486774
2017-12-31T23:59:28.000Z,947618238883598336,RT @stephen_taylor: Zahra Kazemi was raped and tortured by the Iranian regime. Her #metoo moment led to Canada closing its embassy in Iran.â€¦,41700167
2017-12-31T23:59:25.000Z,947618224132247552,"RT @BryanDawsonUSA: 2017 was filled with disbelief that America had sunk to a new low in supporting a Trump.

Then came:

#TheResistance
Thâ€¦",20336330
2017-12-31T23:59:18.000Z,947618197229879296,"RT @ouenshiori: ï¼œé€Ÿå ±ï¼å¤§æ‹¡æ•£ï¼ï¼
ãƒ‹ãƒ¥ãƒ¼ãƒ¨ãƒ¼ã‚¯ã‚¿ã‚¤ãƒ ã‚ºï¼‘é¢æ²è¼‰ã® #ä¼Šè—¤è©©ç¹” ã•ã‚“ã®è¨˜äº‹ã€å’Œè¨³å‡ºã¾ã—ãŸï¼

ãƒ¬ã‚¤ãƒ—ã«é–¢ã™ã‚‹æ—¥æœ¬ã®æ²ˆé»™ã‚’çªãå£Šã™ï¼ˆNYTè¨˜äº‹ç¿»è¨³ï¼‰
https://t.co/5bW6P7zRi2
#MeToo #FightWithShiori",777843665838362626
2017-12-31T23:59:18.000Z,947618195879297024,"I can appreciate when someone admits to a mistake, as we have all made them.
Wish more ppl would take a moment to do something as simple as a google search before posting a snarky comment.
#MeToo https://t.co/qnWGM8Qoa1",1210396518
2017-12-31T23:58:54.000Z,947618094041591808,"RT @ouenshiori: Shiori in media overseas
- NY Times: https://t.co/1ycIiLZ5M0  
å’Œè¨³ï¼šhttps://t.co/5bW6P7zRi2
- FIGARO: https://t.co/HwLNwRkCYkâ€¦",2952136568
2017-12-31T23:58:53.000Z,947618089671254016,æ—¥æœ¬ã§ã‚‚ã€Œ#MeTooï¼ˆç§ã‚‚ï¼‰ã€ã®å£°ã€€ä¼Šè—¤è©©ç¹”ã•ã‚“ã®è©±ï¼ˆBBC Newsï¼‰ https://t.co/mwD3rcgdwB https://t.co/Zo1Lhq9xXu,2917880088
2017-12-31T23:58:41.000Z,947618039654121477,RT @DaShanneStokes: A president cannot defend a nation if he is not held accountable to its laws. It's time to hold @realDonaldTrump accounâ€¦,23816152
2017-12-31T23:58:33.000Z,947618007416737795,"RT @Lauren_Kitt: The funny thing about â€œYour truthâ€ is that itâ€™s what you tell yourself, what you believe. Just because the voices in yourâ€¦",436102760
2017-12-31T23:58:26.000Z,947617979763589121,RT @schroeder_k: Im Interview mit @DIEZEIT Ã¼ber die Vereinbarkeit von Baby und Spitzenpolitik und warum ich #MeToo kritisch sehe. https://tâ€¦,4713978977
2017-12-31T23:58:26.000Z,947617978702495749,"@cmkirkrn @Sea_2Lake @matthewasears Well said Raging RN! I too regret that it has taken time 4 me to pay more attention&amp; fight 4 what is right! This ""horror show"" has woken me up like never before. I feel outrage deep in my soul &amp; I'm on a passionate quest 2 stop this horror! &amp; 2 #RESIST! #MeToo",3317659546
2017-12-31T23:58:21.000Z,947617958880100352,"RT @e_miko029: #MeToo #Japan ãƒ‹ãƒ¥ãƒ¼ãƒ¨ãƒ¼ã‚¯ã‚¿ã‚¤ãƒ ã‚¹ãŒè©©ç¹”ã•ã‚“äº‹ä»¶ã‚’å ±ã˜ã¦ã„ã¾ã™ã€‚ãã®ä»–ã®æµ·å¤–ãƒ¡ãƒ‡ã‚£ã‚¢ã€å›½å†…ã§ã¯æ—¥åˆŠã‚²ãƒ³ãƒ€ã‚¤ãªã©ä¸€éƒ¨ã‚’é™¤ã„ã¦ã€ã»ã¨ã‚“ã©ã®ãƒ†ãƒ¬ãƒ“æ–°èã€ãƒ¯ã‚¤ãƒ‰ã‚·ãƒ§ãƒ¼ã¯ã‚¹ãƒ«ãƒ¼ã—ã¦ã„ã‚‹äº‹ä»¶ã§ã™ğŸ’¢ğŸ’¢ğŸ’¢ 

She Broke Japanâ€™s Siâ€¦",2952136568
2017-12-31T23:58:20.000Z,947617953251340288,"RT @ouenshiori: ï¼œé€Ÿå ±ï¼å¤§æ‹¡æ•£ï¼ï¼
ãƒ‹ãƒ¥ãƒ¼ãƒ¨ãƒ¼ã‚¯ã‚¿ã‚¤ãƒ ã‚ºï¼‘é¢æ²è¼‰ã® #ä¼Šè—¤è©©ç¹” ã•ã‚“ã®è¨˜äº‹ã€å’Œè¨³å‡ºã¾ã—ãŸï¼

ãƒ¬ã‚¤ãƒ—ã«é–¢ã™ã‚‹æ—¥æœ¬ã®æ²ˆé»™ã‚’çªãå£Šã™ï¼ˆNYTè¨˜äº‹ç¿»è¨³ï¼‰
https://t.co/5bW6P7zRi2
#MeToo #FightWithShiori",900671672235180033
2017-12-31T23:58:14.000Z,947617926709956609,"RT @womensart1: 2017, Ivorian artist Laetitia Ky Ivory Coast joined the #MeToo campaign which began in October to highlight an epidemic ofâ€¦",611957835
2017-12-31T23:58:07.000Z,947617898595360768,"@nodreamact2017 @doneaGHOST @BiteMeTrump2016 @dumbtRumpPen15 @thebuddhacat1 @IanMCohen @Grandma_Shelia @ReadYouForFree @freedomlost1967 @DragonStone1963 @KarsinXXX @Cha51brolll19 @daBookdragon @DFHobbs @wendytheflea @KaylaraOwl @SlythSeeker2017 @MerlinResists @yoopermoose @whereveriwant2 @VoicesResisting @drewdog857 @aholdenj @BKapcoe @Brokenwings0921 @cwpontwit @RefocusEternity @MigUrChez @VitruvianMonkey Thank you Obama and thank you women for getting an education at an unprecedented pace. Never let the P*ssy grabbers of the world silence you #MeToo and #ShePersisted , even though a mysoginst is golfing 1/3 of his time in office and calls you his enemy",35830479
2017-12-31T23:58:05.000Z,947617889078726657,"#ME TOO
I wish all my #MeToo sisters and brothers a New Year of safety, peace, acceptance  &amp; fulfillment! https://t.co/gGpvuEnUk5",325765419
2017-12-31T23:58:03.000Z,947617882170474497,"@UniversalSp1r1t @Kokomothegreat @Pacoluismonta9a @StevenBritt13 @Barkforlove1 @ewoksamongus @FrizzleFelicity @womanontheleft @deadheadkat @SthrnResister @joimonki @BossyLadySunday @moongoddess1968 @lipsoneric @Cruellaisdevine @musicrocksit452 @tweetMalena @SpiralMond @call_ofthevoid @AnxietyJane @sambewitched123 @ember003 @WeeeeeSquirrel @GOVTWINE @alexespind @MarleneFannon @docjenDC @olrc The election triggered a PTSD event for me that lasted a couple weeks. Outright panic attacks, generalized fear, etc. It was terrible. I'm still easily triggered sometimes, like when #MeToo started. But having a community like The Resistance has helped SO MUCH!",755867842763825152
2017-12-31T23:57:56.000Z,947617853670166528,RT @DaShanneStokes: A president cannot defend a nation if he is not held accountable to its laws. It's time to hold @realDonaldTrump accounâ€¦,112743625
2017-12-31T23:57:35.000Z,947617762385444865,The ã‚¿ã‚¯ã‚·ãƒ¼ä¼šç¤¾ã®æ±‚äººæ¡ç”¨ Daily ç´™ãŒæ›´æ–°ã•ã‚Œã¾ã—ãŸï¼ https://t.co/0nZXoBbdpr Thanks to @election201722 @ikikatadatabase #metoo #ä»®æƒ³é€šè²¨,3248903461
2017-12-31T23:57:34.000Z,947617757864103936,@TheIJR @RealMattCouch #UnfollowJoyVilla #JoyVilla #Lewandowski #joyvillaexposed #JoyVillaCon #JoyNews #MAGA #TeamTrump #Opportunist #FalseAllegation #metoo #Fraud #Hypocrite #JoyVillaIsAFraud #TimetoUnfollow #IStandWithCorey #imposter #FakeTrumpSupporter https://t.co/QCowJoBou9,3243442856
2017-12-31T23:56:57.000Z,947617603576565760,RT @chrisscross_87: Here's another tidbit for you: he used the #MeToo tag in his profile to talk about the allegations of him sexually haraâ€¦,249402886
2017-12-31T23:56:55.000Z,947617597427736577,RT @MarquesAgnes: El desenllaÃ§ de la desapariciÃ³ de #DianaQuer Ã©s un mal final per un any en quÃ¨ sâ€™ha fet viral la vulnerabilitat de les doâ€¦,609977658
2017-12-31T23:56:46.000Z,947617556558364674,"RT @e_miko029: #MeToo #Japan ãƒ‹ãƒ¥ãƒ¼ãƒ¨ãƒ¼ã‚¯ã‚¿ã‚¤ãƒ ã‚¹ãŒè©©ç¹”ã•ã‚“äº‹ä»¶ã‚’å ±ã˜ã¦ã„ã¾ã™ã€‚ãã®ä»–ã®æµ·å¤–ãƒ¡ãƒ‡ã‚£ã‚¢ã€å›½å†…ã§ã¯æ—¥åˆŠã‚²ãƒ³ãƒ€ã‚¤ãªã©ä¸€éƒ¨ã‚’é™¤ã„ã¦ã€ã»ã¨ã‚“ã©ã®ãƒ†ãƒ¬ãƒ“æ–°èã€ãƒ¯ã‚¤ãƒ‰ã‚·ãƒ§ãƒ¼ã¯ã‚¹ãƒ«ãƒ¼ã—ã¦ã„ã‚‹äº‹ä»¶ã§ã™ğŸ’¢ğŸ’¢ğŸ’¢ 

She Broke Japanâ€™s Siâ€¦",895922929459843072
2017-12-31T23:56:34.000Z,947617507346485248,RT @stephen_taylor: Zahra Kazemi was raped and tortured by the Iranian regime. Her #metoo moment led to Canada closing its embassy in Iran.â€¦,934326163807318016
2017-12-31T23:56:29.000Z,947617485653794817,@danielroyyyy @theTravisCotton @WomenON Because every woman at one point or another is victim of sexual assault. Campaigns like this and #MeToo is to get the conversation started. Not about blaming men. But have fun continuing to be butt hurt instead of being a solution to the problem.,722843438
2017-12-31T23:56:20.000Z,947617447858728960,RT @ChallenCates: Thereâ€™s definitely a theme with my #best9of2017 #family â¤ï¸ real and practically real.  Iâ€™m so proud of my tribe for standâ€¦,43471965
2017-12-31T23:56:17.000Z,947617438396534784,"RT @BryanDawsonUSA: 2017 was filled with disbelief that America had sunk to a new low in supporting a Trump.

Then came:

#TheResistance
Thâ€¦",1402869817
2017-12-31T23:56:12.000Z,947617415311093761,"Celebrity remains a curse 
Last year they died; this year was worse 
In droves, abusers got their due 
As world over cried #MeToo.",120328527
2017-12-31T23:56:06.000Z,947617392477138944,"RT @jcp_cc: æ—¥æœ¬å…±ç”£å…šãƒ»ä»æ¯”è­°å“¡ãŒãƒ¬ã‚¤ãƒ—ãƒ‰ãƒ©ãƒƒã‚°å¯¾ç­–ã¨ã—ã¦ã€Œç›´ã¡ã«æ¡å°¿ãƒ»æ¡è¡€ã™ã‚‹ã®ãŒè­¦å¯Ÿã®ç¾©å‹™ã ã€ã¨æœæŸ»æ–¹æ³•ã®æ”¹å–„ã‚’æ±‚ã‚ãŸä»¶ã€è­¦å¯Ÿåºã‹ã‚‰æŒ‡ç¤ºãŒã§ã¾ã—ãŸã€‚#MeToo

ã€Œè­¦å¯Ÿåºã¯é©åˆ‡ãªæœæŸ»ãŒã§ãã‚‹ã‚ˆã†è¢«å®³è€…ã®è¡€æ¶²ã‚„å°¿ã‚’æ¡å–ã—ã¦ã€è¨¼æ‹ ã‚’ä¿å…¨ã™ã‚‹ã“ã¨ç­‰ã‚’å…¨å›½ã®è­¦å¯Ÿã«æŒ‡ç¤ºâ€¦",109260511
2017-12-31T23:55:54.000Z,947617342124634113,"RT @BryanDawsonUSA: 2017 was filled with disbelief that America had sunk to a new low in supporting a Trump.

Then came:

#TheResistance
Thâ€¦",866210244
2017-12-31T23:55:54.000Z,947617340795088896,"RT @BryanDawsonUSA: 2017 was filled with disbelief that America had sunk to a new low in supporting a Trump.

Then came:

#TheResistance
Thâ€¦",895738293115113472
2017-12-31T23:55:52.000Z,947617330992787456,"RT @ouenshiori: Twitter Analytics saids â€œYour Tweets earned 2,045,060 impressions over the last 28 days.â€
A lot of people are interested inâ€¦",241082297
2017-12-31T23:55:50.000Z,947617322855948288,"RT @DaShanneStokes: America has been governed by a vile, lying bigot and sexual predator installed through an illegal act of war for 344 daâ€¦",807395204856561664
2017-12-31T23:55:43.000Z,947617293491757056,RT @jeroendonker: @EchoDuider @jndkgrf @vester71 #metoo,22168918
2017-12-31T23:55:38.000Z,947617275061862400,"RT @needajobbad: Where's the outrage #MeToo?

Europe is segregating women because the religion of peace promotes the rape &amp; death of Non-beâ€¦",917065866809819136
2017-12-31T23:55:32.000Z,947617246427406336,"Looking forward to the New Year and the 2018 #WomensMarchOnWashington! This past year we've seen women band together, run for office in record numbers, speak up against sexual abuse #metoo, and fight for our reproductive rights! The rise of women=the rise of the nation! #resist https://t.co/6jpjYNZfhV",945701932852707329
2017-12-31T23:55:26.000Z,947617224902164480,RT @anmoada: å…ˆæ—¥ï¼´ï¼¶ã§ã€Œãƒ–ãƒ©ãƒƒã‚¯æ ¡å‰‡ã€ã‚’å–ã‚Šä¸Šã’ã¦ã¦ã€ãã®ä¸€ã¤ã«ã€Œå¥³ç”Ÿå¾’ã®ä¸‹ç€ã¯ç™½ã€ã£ã¦ã®ãŒã‚ã£ã¦ã€ç•ªçµ„ã‚¹ã‚¿ãƒƒãƒ•ãŒç†ç”±ã‚’æ•™è‚²å§”å“¡ä¼šã«èã„ãŸã‚‰ã€Œæ´¾æ‰‹ãªä¸‹ç€ãŒé€ã‘ã‚‹ã¨çŠ¯ç½ªã«å·»ãè¾¼ã¾ã‚Œã‚‹å±é™ºãŒã‚ã‚‹ã‹ã‚‰ã€ã£ã¦ã€‚ã“ã†ã‚„ã£ã¦ã€Œæ€§è¢«å®³ã«ã‚ã†å¥³æ€§ï¼è‡ªæ¥­è‡ªå¾—ã€ã¨ã„ã†åˆ·ã‚Šè¾¼ã¿ãŒã•ã‚Œã¦â€¦,1384413067
2017-12-31T23:55:22.000Z,947617206518632448,Happy New Year everyone. Stand up for those who can't. Speak up. Protest against Trump. Show love. Cuddle dogs. Respect #metoo 2018. https://t.co/Ao9OWWzyHv https://t.co/yKjlbYVP5v,15233347
2017-12-31T23:55:19.000Z,947617195558760448,The #MeToo Movement Must Be LGBT-Inclusive to Succeed | Care2 Causes https://t.co/6rzsktwlGy,2569764226
2017-12-31T23:54:56.000Z,947617097416404992,RT @DaShanneStokes: A president cannot defend a nation if he is not held accountable to its laws. It's time to hold @realDonaldTrump accounâ€¦,247448378
2017-12-31T23:54:46.000Z,947617057079640064,#MeToo movement prompts Edmonton businesses to strengthen response to sexual misconduct #YEG https://t.co/xd56Lu6WZv,1182947209
2017-12-31T23:54:35.000Z,947617009348567041,"RT @DaShanneStokes: My New Year's Resolution: Impeach and remove compulsive liar, bigot, and admitted sexual predator @realDonaldTrump andâ€¦",727137941672321024
2017-12-31T23:54:33.000Z,947617002725740546,@FrauAnwaeltin #metoo,19152719
2017-12-31T23:54:33.000Z,947617000938913793,"RT @ouenshiori: å’Œè¨³å‡ºã¾ã—ãŸï¼

æ—¥æœ¬ã§ã‚‚ã€Œ#MeTooï¼ˆç§ã‚‚ï¼‰ã€ã®å£°ã€€ä¼Šè—¤è©©ç¹”ã•ã‚“ã®è©± - BBCãƒ‹ãƒ¥ãƒ¼ã‚¹ https://t.co/55YQE61IN4",204842713
2017-12-31T23:54:26.000Z,947616971151028225,RT @B52Malmet: #MeToo has gone all the way to #SCOTUS.  https://t.co/6z7HmsuzaF,495602226
2017-12-31T23:54:26.000Z,947616970882641920,"RT @BryanDawsonUSA: 2017 was filled with disbelief that America had sunk to a new low in supporting a Trump.

Then came:

#TheResistance
Thâ€¦",1163528460
2017-12-31T23:54:22.000Z,947616955694972929,"RT @AAUW: 5 things men can do to support women at work:
âœ”ï¸ Include women in social outings
âœ”ï¸ Give women credit for their ideas
âœ”ï¸ Hire womâ€¦",16631134
2017-12-31T23:54:15.000Z,947616924871086080,RT @RepAlvarado145: Universities are not exempt from accountability when it comes to sexual harassment which is why I sponsored and passedâ€¦,46498751
2017-12-31T23:54:07.000Z,947616891241054208,"RT @e_miko029: #MeToo #Japan ãƒ‹ãƒ¥ãƒ¼ãƒ¨ãƒ¼ã‚¯ã‚¿ã‚¤ãƒ ã‚¹ãŒè©©ç¹”ã•ã‚“äº‹ä»¶ã‚’å ±ã˜ã¦ã„ã¾ã™ã€‚ãã®ä»–ã®æµ·å¤–ãƒ¡ãƒ‡ã‚£ã‚¢ã€å›½å†…ã§ã¯æ—¥åˆŠã‚²ãƒ³ãƒ€ã‚¤ãªã©ä¸€éƒ¨ã‚’é™¤ã„ã¦ã€ã»ã¨ã‚“ã©ã®ãƒ†ãƒ¬ãƒ“æ–°èã€ãƒ¯ã‚¤ãƒ‰ã‚·ãƒ§ãƒ¼ã¯ã‚¹ãƒ«ãƒ¼ã—ã¦ã„ã‚‹äº‹ä»¶ã§ã™ğŸ’¢ğŸ’¢ğŸ’¢ 

She Broke Japanâ€™s Siâ€¦",741801792
2017-12-31T23:54:04.000Z,947616880482713601,"RT @BryanDawsonUSA: 2017 was filled with disbelief that America had sunk to a new low in supporting a Trump.

Then came:

#TheResistance
Thâ€¦",378949145
2017-12-31T23:53:56.000Z,947616844717940736,The latest MH Today ! https://t.co/3VwQfLo3mb #metoo,536924792
2017-12-31T23:53:49.000Z,947616817165553664,"RT @BryanDawsonUSA: 2017 was filled with disbelief that America had sunk to a new low in supporting a Trump.

Then came:

#TheResistance
Thâ€¦",1059229280
2017-12-31T23:53:40.000Z,947616777206349826,@EleVaTe900EZ #Trump said he's never met his accusers. These old photos he took with them say otherwise https://t.co/5HqN8s0kkd #SexualAssault #MeToo,1881769332
2017-12-31T23:53:39.000Z,947616775553740806,"RT @BFJNews: ã€Œã“ã‚“ãªã«ã‚‚ç†ä¸å°½ã ãªã‚“ã¦ã€ã¨ã„ã†æ€’ã‚Šã¨æ‚²ã—ã¿ãŒã€è¢«å®³è€…ã«ã¯ã‚ã‚Šã¾ã™ã€‚

å£°ã‚’ã‚ã’ã‚‹ã“ã¨ãŒæ€§æš´åŠ›ã‹ã‚‰ã®æ•‘ã„ã«ã¯ãªã‚‰ãªã„ã€‚ãã‚Œã§ã‚‚è¨´ãˆã‚‹ã¨å¤‰ã‚ã‚‹ã“ã¨ #metoo https://t.co/X06BRCigE2",1219428828
2017-12-31T23:53:35.000Z,947616756138500096,RT @Einzelfallinfos: #Taharrush: sexuelle GruppenÃ¼bergriffe wie #KÃ¶lnHbf - diese bis 2015 unbekannte Gewalt gegen Frauen ist mittlerweile tâ€¦,88887465
2017-12-31T23:53:23.000Z,947616707543257089,"RT @BryanDawsonUSA: 2017 was filled with disbelief that America had sunk to a new low in supporting a Trump.

Then came:

#TheResistance
Thâ€¦",803023384263139328
2017-12-31T23:53:19.000Z,947616690379960320,The Resistance #MeToo in route to liberate Iran. #IranianProtests #IranProtest #IranianProtestors #IranUprising https://t.co/p9roxkF91O,782363643899809792
2017-12-31T23:53:18.000Z,947616684143251456,"RT @BryanDawsonUSA: 2017 was filled with disbelief that America had sunk to a new low in supporting a Trump.

Then came:

#TheResistance
Thâ€¦",384155025
2017-12-31T23:53:07.000Z,947616638572138496,RT @DaShanneStokes: A president cannot defend a nation if he is not held accountable to its laws. It's time to hold @realDonaldTrump accounâ€¦,2183441869
2017-12-31T23:53:06.000Z,947616634184667136,"@GeoffMiami @JoeBiden @ProgressivesR1 @WoobieTuesday @PortiaABoulger @ProgressiveArmy I find it suspect that @JoeBiden found it appropriate to apologise to Anita Hill AFTER #MeToo a completely cynical tact for his presidential run. &amp; he opposes legalization of cannabis-in 2017!Collosal waste of taxpayer $$/violation of rights- you blew it dinosaur, TIME TO MOVE ON",204958889
2017-12-31T23:53:00.000Z,947616610013011969,"RT @BryanDawsonUSA: 2017 was filled with disbelief that America had sunk to a new low in supporting a Trump.

Then came:

#TheResistance
Thâ€¦",3253228622
2017-12-31T23:52:50.000Z,947616568556605440,@JustenCharters #JoyVilla's prophet of doom was declared insane.#UnfollowJoyVilla #Lewandowski #joyvillaexposed #JoyVillaCon #JoyNews #MAGA #TeamTrump #Opportunist #FalseAllegation #metoo #Fraud  #JoyVillaIsAFraud #TimetoUnfollow #IStandWithCorey #imposter #FakeTrumpSupporter https://t.co/p6KH9JBo4I,3243442856
2017-12-31T23:52:43.000Z,947616539817205760,@realDonaldTrump #maga #LockHimUp #LockThemAllUp #MeToo https://t.co/Wm7umbTKKI,18165865
2017-12-31T23:52:41.000Z,947616531554246656,"RT @BryanDawsonUSA: 2017 was filled with disbelief that America had sunk to a new low in supporting a Trump.

Then came:

#TheResistance
Thâ€¦",608768100
2017-12-31T23:52:40.000Z,947616526781132800,"RT @ouenshiori: Twitter Analytics saids â€œYour Tweets earned 2,045,060 impressions over the last 28 days.â€
A lot of people are interested inâ€¦",87189437
2017-12-31T23:52:37.000Z,947616515481833472,"RT @martaborraz: El aÃ±o empezÃ³ con el primer asesinato machista el mismo 1 de enero en Madrid, fue el del #MeToo y se acaba con el caso #Diâ€¦",595664444
2017-12-31T23:52:23.000Z,947616453582295042,La creadora de la campaÃ±a #MeToo inaugurarÃ¡ 2018 en Times Square  https://t.co/CKzuZmjLsA,227770403
2017-12-31T23:52:20.000Z,947616442010124291,"RT @ouenshiori: ã€Œå½¼ï¼ˆãƒ™ãƒ«ãƒªãƒ³ã«ã„ã‚‹ä¼Šè—¤ã•ã‚“ã«é›»è©±ã‚’ã‹ã‘ã¦ããŸåˆ‘äº‹ï¼‰ã¯ã‚¿ã‚¯ã‚·ãƒ¼é‹è»¢æ‰‹ã®è¨¼è¨€ã€ãƒ›ãƒ†ãƒ«ã®é˜²çŠ¯ãƒ“ãƒ‡ã‚ªã€ãã—ã¦å½¼å¥³ã®ä¸‹ç€ã«å±±å£æ°ã®DNAã‚’æ¤œå‡ºã—ãŸã¨ã®è¨¼æ‹ ã®å¼·ã•ã§ã€å±±å£æ°ã‚’é€®æ•ã™ã‚‹æº–å‚™ã‚’ã—ã¦ã„ã‚‹ã¨è©±ã—ãŸã€‚ã€
ï¼ˆ2017/12/30ã€€NYã‚¿ã‚¤ãƒ ã‚ºä¸€é¢è¨˜äº‹ï¼‰â€¦",741801792
2017-12-31T23:52:12.000Z,947616410007515136,"RT @Goettergattin42: Sorry Thommy, aber #metoo verarschen ist nicht witzig! @herbstblond",14583759
2017-12-31T23:52:10.000Z,947616400918679554,@MistaBRONCO @GAPeachMeg @VivaLaPurge @pinkieclc @BlondeMamaUSA @Fuctupmind @BeerMeMarge @iamurshepard @iicrakdamirror @shane_strait @Mitch21kv @writemombritt @UTAH_RED_HAT @Realpersonpltcs @realPolitiDiva @christianllamar @SlicksTweetz @0TICKTOCK @Hublife Itâ€™s my fav one too #METOO,2931973490
2017-12-31T23:52:07.000Z,947616388289622016,The latest Missed-Information Daily! https://t.co/46QdJZjnbr #metoo #higsec,1345780542
2017-12-31T23:51:53.000Z,947616329749729280,RT @DieuJurassic: Bonne annÃ©e mes fils de pute ğŸ˜ une nouvel annÃ©e contre les #transgenre extrÃ©miste et les #feministes extrÃ©miste ğŸ˜â™¥ #balanâ€¦,728704907243597825
2017-12-31T23:51:47.000Z,947616304902500357,"RT @BryanDawsonUSA: 2017 was filled with disbelief that America had sunk to a new low in supporting a Trump.

Then came:

#TheResistance
Thâ€¦",545474475
2017-12-31T23:51:43.000Z,947616288569901057,"RT @ouenshiori: Shiori in media overseas
- NY Times: https://t.co/1ycIiLZ5M0  
å’Œè¨³ï¼šhttps://t.co/5bW6P7zRi2
- FIGARO: https://t.co/HwLNwRkCYkâ€¦",2259532928
2017-12-31T23:51:40.000Z,947616275655680000,"RT @BryanDawsonUSA: 2017 was filled with disbelief that America had sunk to a new low in supporting a Trump.

Then came:

#TheResistance
Thâ€¦",823956989852012544
2017-12-31T23:51:38.000Z,947616266319040513,â–¶ï¸#metoo ã§æ•å–¶æ¥­ã«ã¤ã„ã¦å‘Šç™½ã—ãŸã‚°ãƒ©ãƒ‰ãƒ«ãŒç¾åœ¨ã®çŠ¶æ³ã‚’ãƒ„ã‚¤ãƒ¼ãƒˆã€Œ#metooã«ã‚ˆã£ã¦å‡ºæ¥ã‚‹ä»•äº‹ãŒãªããªã£ã¦ã—ã¾ã£ãŸã€ - Togetter https://t.co/zm02VrCm5F @togetter_jpã‚ˆã‚Š,2964237022
2017-12-31T23:51:35.000Z,947616255451717632,"RT @brianstelter: Our list of the top 7 media stories of 2017:
#7 Late night takes on Trump
#6 DOJ vs AT&amp;T
#5 Big tech backlash
#4 W.H. creâ€¦",123227057
2017-12-31T23:51:35.000Z,947616252062720000,RT @bbcnewsjapan: BBCãƒ‹ãƒ¥ãƒ¼ã‚¹ - æ—¥æœ¬ã§ã‚‚ã€Œ#MeTooï¼ˆç§ã‚‚ï¼‰ã€ã®å£°ã€€ä¼Šè—¤è©©ç¹”ã•ã‚“ã®è©± https://t.co/m0ODqiWyoe https://t.co/sYYQjvpuWa,112046626
2017-12-31T23:51:32.000Z,947616243107762176,RT @eos1v: æ—¥æœ¬ã§ã‚‚ã€Œ#MeTooï¼ˆç§ã‚‚ï¼‰ã€ã®å£°ã€€ä¼Šè—¤è©©ç¹”ã•ã‚“ã®è©± ã€€WEDGE Infinity(ã‚¦ã‚§ãƒƒã‚¸) https://t.co/pT9MjeBfVe @tim1134,4771842349
2017-12-31T23:51:30.000Z,947616231703449605,"RT @ouenshiori: Twitter Analytics saids â€œYour Tweets earned 2,045,060 impressions over the last 28 days.â€
A lot of people are interested inâ€¦",916109507758923781
2017-12-31T23:51:22.000Z,947616200254676992,"RT @ouenshiori: å’Œè¨³å‡ºã¾ã—ãŸï¼

æ—¥æœ¬ã§ã‚‚ã€Œ#MeTooï¼ˆç§ã‚‚ï¼‰ã€ã®å£°ã€€ä¼Šè—¤è©©ç¹”ã•ã‚“ã®è©± - BBCãƒ‹ãƒ¥ãƒ¼ã‚¹ https://t.co/55YQE61IN4",782609167726944256
2017-12-31T23:51:15.000Z,947616171733368833,@EchoDuider @jndkgrf @vester71 #metoo,168571186
2017-12-31T23:51:15.000Z,947616169472679936,"RT @ouenshiori: ã€Œï¼ˆæ—¥æœ¬ã®ï¼‰è­¦å¯Ÿã‚„è£åˆ¤æ‰€ã¯ã€å¼·å§¦ã‚’ç‹­ç¾©ã«å®šç¾©ã™ã‚‹å‚¾å‘ãŒã‚ã‚Šã€ä¸€èˆ¬çš„ã«äº‹ä»¶ã‚’è¿½æ±‚ã™ã‚‹ã®ã¯ç‰©ç†çš„ãªåŠ›ã¨è‡ªè¡›ã®ä¸¡æ–¹ãŒèªã‚ã‚‰ã‚Œã‚‹å ´åˆã®ã¿ã§ã‚ã‚Šã€åŠ å®³è€…ã‚ã‚‹ã„ã¯çŠ ç‰²è€…ã®ã©ã¡ã‚‰ã‹ãŒé£²é…’ã—ã¦ã„ã‚‹å ´åˆã¯å‘Šç™ºã‚’æŠ‘ãˆã«ã‹ã‹ã‚‹ã€‚ã€
ï¼ˆ2017/12/30ã€€NYã‚¿ã‚¤ãƒ ã‚ºâ€¦",741801792
2017-12-31T23:51:09.000Z,947616145623851009,"RT @ouenshiori: ã€Œæ—¥æœ¬ã§ã¯æ€§çš„æš´è¡Œã®ç‡ãŒæ¯”è¼ƒçš„ä½ã„ã¨è¨€ã‚ã‚Œã¦ã„ã‚‹â€¦.ã—ã‹ã—ã€å­¦è€…ãŸã¡ã¯ã€æ—¥æœ¬ã®å¥³æ€§ã¯ã€è¥¿æ´‹ã®å¥³æ€§ã‚ˆã‚Šã‚‚ã€åˆæ„ã®ãªã„æ€§è¡Œç‚ºã‚’ãƒ¬ã‚¤ãƒ—ã¨ã—ã¦è¡¨ç¾ã™ã‚‹å¯èƒ½æ€§ãŒã¯ã‚‹ã‹ã«ä½ã„ã¨è¿°ã¹ã¦ã„ã‚‹ã€‚ã€
ï¼ˆ2017/12/30ã€€NYã‚¿ã‚¤ãƒ ã‚ºä¸€é¢è¨˜äº‹ï¼‰
https://tâ€¦",741801792
2017-12-31T23:50:52.000Z,947616074706583553,Happy New Year #metoo ğŸ¤£,392855833
2017-12-31T23:50:50.000Z,947616064849850368,"@NesrineMalik @rozina_ali @martinwolf_ @zackbeauchamp @CraigCons @BobSMueller @MuslimIQ @RaniaKhalek @guardian @RenegadesRobin @suzanne_moore @tamhussein @paulmasonnews @shitlondon @RLong_Bailey @mrmarksteel @JonathanPieNews @RealSophiaRobot @jimwaterson @faizashaheen @BBCr4today When men realised what was coming for them in 2017 just before #metoo
https://t.co/UcdAB0gzwf",19969801
2017-12-31T23:50:49.000Z,947616059514933248,"RT @BryanDawsonUSA: 2017 was filled with disbelief that America had sunk to a new low in supporting a Trump.

Then came:

#TheResistance
Thâ€¦",16379909
2017-12-31T23:50:43.000Z,947616037520007168,#metoo https://t.co/UVwkHnBdtN,324473439
2017-12-31T23:50:42.000Z,947616031245078529,"#MeToo movement prompts Edmonton businesses to strengthen response to sexual misconduct
https://t.co/M61FEpEXHZ https://t.co/sSvplDLke3",95480471
2017-12-31T23:50:39.000Z,947616019933118465,Dave has some important things to say regarding the #metoo movement in his second episode.  #DaveChappelle,1146363014
947615999968272384,2017-12-31T23:50:34.000Z,RT @masarlavie: #MeToo  éšœå®³è€…ã®ä»‹è­·ã¯åŸºæœ¬çš„ã«ã¯åŒæ€§ä»‹è­·ã§ã™ã€‚é«˜é½¢è€…ä»‹è­·ã‚‚åŒæ€§ä»‹è­·ã«ã™ã¹ãã ã¨æ€ã„ã¾ã™ã€‚å¤§ã—ãŸäº‹ã˜ã‚ƒãªã„ã€‚ã¨è»½è¦–ã›ãšã€ä»‹è­·å£«ã®åˆ©ç”¨è€…ã«ã‚ˆã‚‹ã‚»ã‚¯ãƒãƒ©è¢«å®³ã«ç›®ã‚’å‘ã‘ã‚‹ã¹ãã§ã™ã€‚ä»‹è­·ç¾å ´ã«è‹¥ã„äººãŒå±…ãªããªã‚‹å‰ã«â€¦ã€‚,2425271160
947615899774832641,2017-12-31T23:50:11.000Z,"RT @BryanDawsonUSA: 2017 was filled with disbelief that America had sunk to a new low in supporting a Trump.

Then came:

#TheResistance
Thâ€¦",3191888037
947615883211534336,2017-12-31T23:50:07.000Z,"Every member of the #Resistance should make this our goal next year, to bring him to justice for #MeToo https://t.co/f0Ay1N8SV3",500753255
947615868040527873,2017-12-31T23:50:03.000Z,RT @bbcnewsjapan: BBCãƒ‹ãƒ¥ãƒ¼ã‚¹ -  æ—¥æœ¬ã§ã‚‚ã€Œ#MeTooï¼ˆç§ã‚‚ï¼‰ã€ã®å£°ã€€ä¼Šè—¤è©©ç¹”ã•ã‚“ã®è©± https://t.co/m0ODqiWyoe https://t.co/hHpfd41ctE,99394209
947615866581082112,2017-12-31T23:50:03.000Z,"Popular @RachelintheOC posts this year: This is Why Sexual Abuse Survivors DO Tell https://t.co/F8HLQzMmS7 #SexualAbuse #CSA #MeToo #TopTweets2017

Listen to survivors and allow us to speak our truth as we see it, not forcing it into your narrative to make you more comfortable.",2267736799
947615859610025984,2017-12-31T23:50:01.000Z,"RT @BryanDawsonUSA: 2017 was filled with disbelief that America had sunk to a new low in supporting a Trump.

Then came:

#TheResistance
Thâ€¦",3253923108
947615756233175040,2017-12-31T23:49:36.000Z,RT @funder: The 16 women who accused Trump of sexual assault are telling their story in one video-please share this far &amp; wide. RT if you aâ€¦,290248182
947615736867930113,2017-12-31T23:49:32.000Z,RT @eos1v: æ—¥æœ¬ã§ã‚‚ã€Œ#MeTooï¼ˆç§ã‚‚ï¼‰ã€ã®å£°ã€€ä¼Šè—¤è©©ç¹”ã•ã‚“ã®è©± ã€€WEDGE Infinity(ã‚¦ã‚§ãƒƒã‚¸) https://t.co/pT9MjeBfVe @tim1134,265357034
947615699698094081,2017-12-31T23:49:23.000Z,"RT @BryanDawsonUSA: 2017 was filled with disbelief that America had sunk to a new low in supporting a Trump.

Then came:

#TheResistance
Thâ€¦",832973485492154368
947615694555791360,2017-12-31T23:49:22.000Z,"RT @ouenshiori: å’Œè¨³å‡ºã¾ã—ãŸï¼

æ—¥æœ¬ã§ã‚‚ã€Œ#MeTooï¼ˆç§ã‚‚ï¼‰ã€ã®å£°ã€€ä¼Šè—¤è©©ç¹”ã•ã‚“ã®è©± - BBCãƒ‹ãƒ¥ãƒ¼ã‚¹ https://t.co/55YQE61IN4",386587087
947615676176523265,2017-12-31T23:49:17.000Z,"RT @BryanDawsonUSA: 2017 was filled with disbelief that America had sunk to a new low in supporting a Trump.

Then came:

#TheResistance
Thâ€¦",820187383
947615673328451584,2017-12-31T23:49:17.000Z,@ShowAyanocozey CDJã®æ–°å¹´ä¸€ç™ºç›®ã®æ°£å¿—åœ˜ã¯ ï¾Šï¾Ÿï¾œï¾Šï¾—ã§ï¾“ï¾—ï¾Šï¾—ã§ï½¾ï½¸ï¾Šï¾—ã§ã—ãŸã€‚é ¼ã‚ŠãŒã„ãŒã‚ã£ã¦ å°Šæ•¬ã§ãã¦ ã‹ã£ã“ã‚ˆã‹ã£ãŸâ¤ï¸ #MeTooğŸ˜€,176750504
947615664776404994,2017-12-31T23:49:14.000Z,2017 was a year of monumental change where inequality was addressed head-on #BlackLivesMatter #DACADreamers #MeToo #RefugeesWelcome #WomensMarch. Keep up the momentum. 2018 is our year to enact lasting change. #NewYears2018 #NewYearsEve #NewYearsResolutions https://t.co/1szJwy85Kt,2228686416
947615656085565441,2017-12-31T23:49:12.000Z,RT @eos1v: æ—¥æœ¬ã§ã‚‚ã€Œ#MeTooï¼ˆç§ã‚‚ï¼‰ã€ã®å£°ã€€ä¼Šè—¤è©©ç¹”ã•ã‚“ã®è©± ã€€WEDGE Infinity(ã‚¦ã‚§ãƒƒã‚¸) https://t.co/pT9MjeBfVe @tim1134,920124959870947328
947615582899159040,2017-12-31T23:48:55.000Z,RT @bbcnewsjapan: BBCãƒ‹ãƒ¥ãƒ¼ã‚¹ - æ—¥æœ¬ã§ã‚‚ã€Œ#MeTooï¼ˆç§ã‚‚ï¼‰ã€ã®å£°ã€€ä¼Šè—¤è©©ç¹”ã•ã‚“ã®è©± https://t.co/m0ODqiWyoe https://t.co/sYYQjvpuWa,2325706290
947615582211293187,2017-12-31T23:48:55.000Z,"RT @needajobbad: Where's the outrage #MeToo?

Europe is segregating women because the religion of peace promotes the rape &amp; death of Non-beâ€¦",3836777421
947615544018194435,2017-12-31T23:48:46.000Z,"RT @DaShanneStokes: My New Year's Resolution: Impeach and remove compulsive liar, bigot, and admitted sexual predator @realDonaldTrump andâ€¦",722162326103728128
947615543544004609,2017-12-31T23:48:46.000Z,"RT @e_miko029: #MeToo #Japan ãƒ‹ãƒ¥ãƒ¼ãƒ¨ãƒ¼ã‚¯ã‚¿ã‚¤ãƒ ã‚¹ãŒè©©ç¹”ã•ã‚“äº‹ä»¶ã‚’å ±ã˜ã¦ã„ã¾ã™ã€‚ãã®ä»–ã®æµ·å¤–ãƒ¡ãƒ‡ã‚£ã‚¢ã€å›½å†…ã§ã¯æ—¥åˆŠã‚²ãƒ³ãƒ€ã‚¤ãªã©ä¸€éƒ¨ã‚’é™¤ã„ã¦ã€ã»ã¨ã‚“ã©ã®ãƒ†ãƒ¬ãƒ“æ–°èã€ãƒ¯ã‚¤ãƒ‰ã‚·ãƒ§ãƒ¼ã¯ã‚¹ãƒ«ãƒ¼ã—ã¦ã„ã‚‹äº‹ä»¶ã§ã™ğŸ’¢ğŸ’¢ğŸ’¢ 

She Broke Japanâ€™s Siâ€¦",155152964
947615536158003203,2017-12-31T23:48:44.000Z,"RT @SKYRIDER4538: Hiring #GloriaAllred is admission of guilt ğŸ˜
#JoyVillaTheCon 
#JoyVillaExposed 
#MeToo 
#HimToo https://t.co/IwdPPpI7a2",3988986443
947615491245379585,2017-12-31T23:48:33.000Z,RT @WomenOccupyHwd: 2017 was a FIERCE Year for WOMEN. We screamed #EnoughisEnough to POWER &amp; the PATRIARCHY. We MARCHED in the Streets. Weâ€¦,1086606259
947615468583641088,2017-12-31T23:48:28.000Z,RT @stephen_taylor: Zahra Kazemi was raped and tortured by the Iranian regime. Her #metoo moment led to Canada closing its embassy in Iran.â€¦,823020491485102080
947615417991942144,2017-12-31T23:48:16.000Z,"ğŸ˜¨ğŸ˜¨ğŸ˜¨ğŸ˜¨

Meanwhile, back in the USA, fake #MeToo movement is planning a #WomensMarch demanding women wear hijab!

They're mascot?  #HijabBarbie

#IranProtests #MAGA #Iran #HappyNewYearsEve #HappyNewYear https://t.co/tTQL1lKy8x",48472776
947615409691381765,2017-12-31T23:48:14.000Z,RT @MarleneSchiappa: #En2017jai vu des millions de femmes courageuses partout dans le monde se lever en mÃªme temps pour dire Â«Â moi aussiÂ Â»â€¦,741175503508393988
947615405790629888,2017-12-31T23:48:13.000Z,RT @dviyer: My piece on 2017's #NoMuslimBanEver #Here2Stay #MeToo and what they teach us about solidarity practice feat @PANASanDiego @Muslâ€¦,531436010
947615379093970945,2017-12-31T23:48:06.000Z,"RT @SKYRIDER4538: So true @KayaJones 
Her true self came out and @JoyVilla_  that congressional run youâ€™re speaking off, well, kiss it goodâ€¦",3988986443
947615373456584704,2017-12-31T23:48:05.000Z,RT @PAVEinfo: Help us reach our Year End goal! Donate today and give the gift of #ShatteringTheSilence of sexual assault.  #Silencebreakersâ€¦,393762562
947615359279833089,2017-12-31T23:48:02.000Z,"RT @brianstelter: Our list of the top 7 media stories of 2017:
#7 Late night takes on Trump
#6 DOJ vs AT&amp;T
#5 Big tech backlash
#4 W.H. creâ€¦",18092069
947615357484916736,2017-12-31T23:48:01.000Z,@realDonaldTrump Trump U mofo'$. Buy my steaks and my books and my beds and play golf and commit fraud and farties and smell roses and cognitively decline and #MeToo and start wars and take credit from other people's actual accomplishments and be a big billionaire baby waa wa wa OBAMA!! I Racist,933361197331730433
947615288874369024,2017-12-31T23:47:45.000Z,The latest ãƒ‡ã‚¤ãƒªãƒ¼ social! https://t.co/ncHfeGpyDM #ã¯ã¦ãªãƒ–ãƒ­ã‚° #metoo,117801245
947615258566205440,2017-12-31T23:47:38.000Z,RT @eos1v: æ—¥æœ¬ã§ã‚‚ã€Œ#MeTooï¼ˆç§ã‚‚ï¼‰ã€ã®å£°ã€€ä¼Šè—¤è©©ç¹”ã•ã‚“ã®è©± ã€€WEDGE Infinity(ã‚¦ã‚§ãƒƒã‚¸) https://t.co/pT9MjeBfVe @tim1134,264122553
947615241994567681,2017-12-31T23:47:34.000Z,"After #MeToo, more women feeling empowered https://t.co/rNIQUYIFav https://t.co/pj6Q3gltEZ",39576141
947615117956431872,2017-12-31T23:47:04.000Z,"#metoo ã§æ•å–¶æ¥­ã«ã¤ã„ã¦å‘Šç™½ã—ãŸã‚°ãƒ©ãƒ‰ãƒ«ãŒç¾åœ¨ã®çŠ¶æ³ã‚’ãƒ„ã‚¤ãƒ¼ãƒˆã€Œ#metooã«ã‚ˆã£ã¦å‡ºæ¥ã‚‹ä»•äº‹ãŒãªããªã£ã¦ã—ã¾ã£ãŸã€ - Togetter https://t.co/UbwHgjGkdO @togetter_jpã•ã‚“ã‹ã‚‰
é¸æŠè‚¢ã‚’ç„¡ç†ã‚„ã‚Šå¥ªã£ãŸã‚Šè„…ã—ã¦ã‚„ã‚‰ã›ã‚‹ã®ã¯è¦åˆ¶ã‹ã‘ãŸæ–¹ãŒã„ã„ã‚ˆã­",199283751
947615115100090368,2017-12-31T23:47:03.000Z,"RT @teramachi_toko: å¥³æ€§ç®¡ç†è·ã‚‚ä¸Šä¸‹é–¢ä¿‚ã®ä¸­ã§åŠ å®³è€…ã«ãªã‚Šå¾—ã‚‹ã—ã€è¢«å®³ã‚’ç›¸è«‡ã—ã¦ããŸéƒ¨ä¸‹ã¸ã®å¯¾å¿œæ¬¡ç¬¬ã§åŠ æ‹…è€…ã«ã‚‚ãªã‚Šã†ã‚‹ã€‚
å¿ƒã—ã¦å‹™ã‚ã‚‹ã“ã¨ã§ã€çµ„ç¹”ã‚’å¤‰ãˆã‚‹ã“ã¨ã‚‚ã§ãã‚‹ã€‚é›£é¡Œã ã‘ã©ã€ã‚„ã‚Šç”²æ–ã‚‚ã‚ã‚‹ã€‚

åºƒãŒã‚‹æ—¥æœ¬ã®ã€Œ#MeTooã€ã€€å¥³æ€§ç®¡ç†è·ã«ã§ãã‚‹ã“ã¨ã€€:â€¦",2581620924
947615096884297728,2017-12-31T23:46:59.000Z,The latest The Ramsgate Arts Daily! https://t.co/wILh2kaMkl Thanks to @bevbirchauthor #bestoftravel2017 #metoo,95527530
947615033093111810,2017-12-31T23:46:44.000Z,"RT @AAUW: 5 things men can do to support women at work:
âœ”ï¸ Include women in social outings
âœ”ï¸ Give women credit for their ideas
âœ”ï¸ Hire womâ€¦",925126517796958209
947615026109706242,2017-12-31T23:46:42.000Z,"RT @BryanDawsonUSA: 2017 was filled with disbelief that America had sunk to a new low in supporting a Trump.

Then came:

#TheResistance
Thâ€¦",762473752319840256
947615010980757504,2017-12-31T23:46:39.000Z,"RT @BattlingStorms: Many sexual assault victims in the military don't feel comfortable coming forward, of those who did reported retaliatioâ€¦",25639867
947615008116170752,2017-12-31T23:46:38.000Z,The Guardian view on #MeToo: what comes next? https://t.co/CwdReKFP3I,58256324
947614994719494144,2017-12-31T23:46:35.000Z,"RT @BryanDawsonUSA: 2017 was filled with disbelief that America had sunk to a new low in supporting a Trump.

Then came:

#TheResistance
Thâ€¦",235718672
947614946476556289,2017-12-31T23:46:23.000Z,New post (#MeToo: A worldwide Twitter campaign on sexual assault) has been published on https://t.co/gzC9VsBNpz - https://t.co/49RTE5h1ht https://t.co/lMidCwKvsC,2931312159
947614935940583424,2017-12-31T23:46:21.000Z,"RT @BryanDawsonUSA: 2017 was filled with disbelief that America had sunk to a new low in supporting a Trump.

Then came:

#TheResistance
Thâ€¦",166348894
947614914192998400,2017-12-31T23:46:16.000Z,RT @WomenOccupyHwd: 2017 was a FIERCE Year for WOMEN. We screamed #EnoughisEnough to POWER &amp; the PATRIARCHY. We MARCHED in the Streets. Weâ€¦,23114997
947614884581187584,2017-12-31T23:46:08.000Z,"RT @DaShanneStokes: My New Year's Resolution: Impeach and remove compulsive liar, bigot, and admitted sexual predator @realDonaldTrump andâ€¦",616571611
947614873168568320,2017-12-31T23:46:06.000Z,"RT @WittyApothecary: #RaptureAnxiety is part of what lead to my first psychotic break. The people who raised me elected Trump, and now cheeâ€¦",342789658
947614836023685122,2017-12-31T23:45:57.000Z,"RT @SKYRIDER4538: Hiring #GloriaAllred is admission of guilt ğŸ˜
#JoyVillaTheCon 
#JoyVillaExposed 
#MeToo 
#HimToo https://t.co/IwdPPpI7a2",58847621
947614763277791233,2017-12-31T23:45:40.000Z,"RT @BryanDawsonUSA: 2017 was filled with disbelief that America had sunk to a new low in supporting a Trump.

Then came:

#TheResistance
Thâ€¦",780942158014676992
947614749210136576,2017-12-31T23:45:36.000Z,#JoyVilla's prophet of doom was declared insane. #UnfollowJoyVilla  #Lewandowski #joyvillaexposed #JoyVillaCon #JoyNews #MAGA #TeamTrump #Opportunist #FalseAllegation #metoo #Fraud #Hypocrite #JoyVillaIsAFraud #TimetoUnfollow #IStandWithCorey #imposter #FakeTrumpSupporter https://t.co/LsVJ9FoyVY,3243442856
947614748266205186,2017-12-31T23:45:36.000Z,@LauraLoomer @realDonaldTrump #Metoo,17055997
947614725973663744,2017-12-31T23:45:31.000Z,"RT @BryanDawsonUSA: 2017 was filled with disbelief that America had sunk to a new low in supporting a Trump.

Then came:

#TheResistance
Thâ€¦",904203146108575744
947614675977621505,2017-12-31T23:45:19.000Z,RT @chrisscross_87: Here's another tidbit for you: he used the #MeToo tag in his profile to talk about the allegations of him sexually haraâ€¦,18205705
947614671980306432,2017-12-31T23:45:18.000Z,"RT @SandraGud: ""SÃ© que algunas mujeres se han animado a contarles a sus familiares que a ellas tambiÃ©n les ha pasado algo parecido despuÃ©sâ€¦",326912627
947614627097178112,2017-12-31T23:45:07.000Z,"Many sexual assault victims in the military don't feel comfortable coming forward, of those who did reported retaliation for doing so #MeToo",17930714
947614626958606337,2017-12-31T23:45:07.000Z,"#MeToo
Las dos palabras que despertaron un movimiento https://t.co/TE1Q4bocXt #YoTambiÃ©n @ONUMujeres",4040145166
947614625281073152,2017-12-31T23:45:07.000Z,"RT @BLEmmerth: To all my followers, all #Resisters, all #MeToo, and everyone whoâ€™s replied with thoughtfulness and kindness this year - httâ€¦",2478329606
947614609632038912,2017-12-31T23:45:03.000Z,"Many sexual assault victims in the military don't feel comfortable coming forward, of those who did reported retaliation for doing so #MeToo",4282486883
947614609053274112,2017-12-31T23:45:03.000Z,"RT @brianstelter: Our list of the top 7 media stories of 2017:
#7 Late night takes on Trump
#6 DOJ vs AT&amp;T
#5 Big tech backlash
#4 W.H. creâ€¦",15077049
947614557090078725,2017-12-31T23:44:50.000Z,CJ Roberts Announces new procedures for #SexualMisconduct in Court system.  RE #KOZINSKI case ..etc etc #metoo https://t.co/fugOIIpsOK @RVAwonk @megynkelly  @NCADV @ACLU @sfchronicle https://t.co/revmNRGJYd,51478771
947614462655131648,2017-12-31T23:44:28.000Z,"RT @BryanDawsonUSA: 2017 was filled with disbelief that America had sunk to a new low in supporting a Trump.

Then came:

#TheResistance
Thâ€¦",1226159624
947614444460367872,2017-12-31T23:44:24.000Z,RT @ChallenCates: Thereâ€™s definitely a theme with my #best9of2017 #family â¤ï¸ real and practically real.  Iâ€™m so proud of my tribe for standâ€¦,748325280
947614441977233408,2017-12-31T23:44:23.000Z,Have you heard about the new Florida Panthers hoodie for the MVP? ğŸ˜‰ #nhl #NHLfi #flapanthers #kevinspacey #metoo https://t.co/KzKOaCcnW6,848101705174724608
947614436545650688,2017-12-31T23:44:22.000Z,"RT @ouenshiori: ã€Œå…ƒå†…é–£å®˜æˆ¿é•·å®˜ç§˜æ›¸å®˜ã®ä¸­æ‘æ ¼æ°ã¯ã€èª¿æŸ»å®˜ãŒå±±å£æ°ã‚’é€®æ•ã™ã‚‹ç”¨æ„ãŒã‚ã£ãŸã“ã¨ã‚’ç¢ºèªã—ãŸã€‚ãã—ã¦å½¼ãŒé€®æ•ã‚’ä¸­æ­¢ã—ãŸã®ã ã¨ã€ç”°ä¸­æ°ã¯é€±åˆŠæ–°æ½®ã§å ±å‘Šã—ã¦ã„ã‚‹ã€‚ã€
ï¼ˆ2017/12/30ã€€NYã‚¿ã‚¤ãƒ ã‚ºä¸€é¢è¨˜äº‹ï¼‰
https://t.co/5bW6P7zRâ€¦",88320249
947614420431073280,2017-12-31T23:44:18.000Z,"RT @ouenshiori: ã€Œï¼ˆæ—¥æœ¬ã®ï¼‰è­¦å¯Ÿã‚„è£åˆ¤æ‰€ã¯ã€å¼·å§¦ã‚’ç‹­ç¾©ã«å®šç¾©ã™ã‚‹å‚¾å‘ãŒã‚ã‚Šã€ä¸€èˆ¬çš„ã«äº‹ä»¶ã‚’è¿½æ±‚ã™ã‚‹ã®ã¯ç‰©ç†çš„ãªåŠ›ã¨è‡ªè¡›ã®ä¸¡æ–¹ãŒèªã‚ã‚‰ã‚Œã‚‹å ´åˆã®ã¿ã§ã‚ã‚Šã€åŠ å®³è€…ã‚ã‚‹ã„ã¯çŠ ç‰²è€…ã®ã©ã¡ã‚‰ã‹ãŒé£²é…’ã—ã¦ã„ã‚‹å ´åˆã¯å‘Šç™ºã‚’æŠ‘ãˆã«ã‹ã‹ã‚‹ã€‚ã€
ï¼ˆ2017/12/30ã€€NYã‚¿ã‚¤ãƒ ã‚ºâ€¦",705223778
947614408863125504,2017-12-31T23:44:15.000Z,Where is the #MeToo movement for Ahed Tamimi https://t.co/MEksuHj7o2,4292696056
947614347546808320,2017-12-31T23:44:00.000Z,"To all my followers, all #Resisters, all #MeToo, and everyone whoâ€™s replied with thoughtfulness and kindness this year - https://t.co/l13bGS8NYT",2696940937
947614323702157313,2017-12-31T23:43:55.000Z,Bonne annÃ©e mes fils de pute ğŸ˜ une nouvel annÃ©e contre les #transgenre extrÃ©miste et les #feministes extrÃ©miste ğŸ˜â™¥ #balancetonporc  aussiâ™¥â™¥,857323240779329536
947614242659885057,2017-12-31T23:43:35.000Z,RT @MarquesAgnes: El desenllaÃ§ de la desapariciÃ³ de #DianaQuer Ã©s un mal final per un any en quÃ¨ sâ€™ha fet viral la vulnerabilitat de les doâ€¦,410968107
947614242655453184,2017-12-31T23:43:35.000Z,RT @x__ok: ãƒã‚¹ãƒ¡ãƒ‡ã‚£ã‚¢ã ã‘ã§ãªãæŠ€è¡“çš„ã«ã¯ã€ã©ã®å€‹äººã§ã‚‚ä¸æ­£ã‚’ç™ºä¿¡ã§ãã‚‹æ§˜ã«ãªã£ã¦ã„ã‚‹ç¾ä»£ã€‚æ—¥æœ¬ã“ããŒè‡ªåˆ†ã®ä¸­ã«æŠ‘ãˆã¦ã„ãªã„ã§ã€€#MeTooã€€ã‚’æ²¢å±±ç™ºä¿¡ã—ãªã‘ã‚Œã°ãªã‚‰ãªã„å›½ã€‚ãã®æ—¥æœ¬ã®æœ€ã‚‚å¤§ããªå•é¡Œã®ã€€#MeTooã€€ãŒä¼Šè—¤è©©ç¹”ã•ã‚“ã®å•é¡Œã€‚ã“ã®å›½ã®ä¸€ç•ªå¤§ããªæ¨©åŠ›ã¨ä¸€å¥³â€¦,386587087
947614238759059456,2017-12-31T23:43:34.000Z,The latest The Chris Winfield Daily! https://t.co/yDUnFYWgey Thanks to @bearerofmeaning @FFRF @SocialBizBrand #metoo #books,191979998
947614183972933632,2017-12-31T23:43:21.000Z,"RT @ouenshiori: å’Œè¨³å‡ºã¾ã—ãŸï¼

æ—¥æœ¬ã§ã‚‚ã€Œ#MeTooï¼ˆç§ã‚‚ï¼‰ã€ã®å£°ã€€ä¼Šè—¤è©©ç¹”ã•ã‚“ã®è©± - BBCãƒ‹ãƒ¥ãƒ¼ã‚¹ https://t.co/55YQE61IN4",134106791
947614154310979584,2017-12-31T23:43:14.000Z,"RT @WittyApothecary: #RaptureAnxiety is part of what lead to my first psychotic break. The people who raised me elected Trump, and now cheeâ€¦",32286524
947614138292781056,2017-12-31T23:43:11.000Z,"2017 ya ha acabado con sus alegrias y sus penas, su #NiUnaMas y su #metoo, sus aventuras y sus sorpresas, los comienzos y los finales.... Â¡por un 2018 mejor, mÃ¡s alegre y mÃ¡s sano a todos! https://t.co/tMKHXgbgMf",412997236
947614056566755329,2017-12-31T23:42:51.000Z,RT @eos1v: æ—¥æœ¬ã§ã‚‚ã€Œ#MeTooï¼ˆç§ã‚‚ï¼‰ã€ã®å£°ã€€ä¼Šè—¤è©©ç¹”ã•ã‚“ã®è©± ã€€WEDGE Infinity(ã‚¦ã‚§ãƒƒã‚¸) https://t.co/pT9MjeBfVe @tim1134,100869093
947614052724936704,2017-12-31T23:42:50.000Z,"RT @BryanDawsonUSA: 2017 was filled with disbelief that America had sunk to a new low in supporting a Trump.

Then came:

#TheResistance
Thâ€¦",883529255853867008
947614030432055299,2017-12-31T23:42:45.000Z,"RT @BryanDawsonUSA: 2017 was filled with disbelief that America had sunk to a new low in supporting a Trump.

Then came:

#TheResistance
Thâ€¦",3180112748
947614014871191552,2017-12-31T23:42:41.000Z,"RT @JCTheResistance: It. Is. About. Time. 

#MeToo

Chief Justice Roberts says courts will examine protections against sexual harassment
htâ€¦",4851326076
947613997133586432,2017-12-31T23:42:37.000Z,"#metooÂ Â #harassment #discrimination
#BrasshouseLanguageCentre
#BirminghamCityCouncil
#LearnBAES
#Brasshouse
#EnglishUK #alwayslie 
#nonstop https://t.co/JCmeNsMpqG",4746622938
947613952858578950,2017-12-31T23:42:26.000Z,"RT @BryanDawsonUSA: 2017 was filled with disbelief that America had sunk to a new low in supporting a Trump.

Then came:

#TheResistance
Thâ€¦",2781877499
947613889113473024,2017-12-31T23:42:11.000Z,"RT @ouenshiori: ï¼œé€Ÿå ±ï¼å¤§æ‹¡æ•£ï¼ï¼
ãƒ‹ãƒ¥ãƒ¼ãƒ¨ãƒ¼ã‚¯ã‚¿ã‚¤ãƒ ã‚ºï¼‘é¢æ²è¼‰ã® #ä¼Šè—¤è©©ç¹” ã•ã‚“ã®è¨˜äº‹ã€å’Œè¨³å‡ºã¾ã—ãŸï¼

ãƒ¬ã‚¤ãƒ—ã«é–¢ã™ã‚‹æ—¥æœ¬ã®æ²ˆé»™ã‚’çªãå£Šã™ï¼ˆNYTè¨˜äº‹ç¿»è¨³ï¼‰
https://t.co/5bW6P7zRi2
#MeToo #FightWithShiori",192039182
947613827365064706,2017-12-31T23:41:56.000Z,The latest ãƒ‡ã‚¤ãƒªãƒ¼ bcpJP! https://t.co/4CwTmMbNwl #metoo,107555592
